{"cameraMode":{"drawMode":0,"name":"Shaded","section":"Shading Mode"},"sceneLighting":true,"audioPlay":false,"sceneViewState":{"showFog":false,"showMaterialUpdate":false,"showSkybox":false,"showFlares":false,"showImageEffects":false,"showParticleSystems":false},"in2DMode":false,"pivot":{"x":1.2887916564941407,"y":1.6614484786987305,"z":3.5764992237091066},"rotation":{"x":0.19490183889865876,"y":-0.45381659269332888,"z":0.10243567079305649,"w":0.8634666204452515},"size":5.168193817138672,"orthographic":false}