{"cameraMode":{"drawMode":0,"name":"Shaded","section":"Shading Mode"},"sceneLighting":true,"audioPlay":false,"sceneViewState":{"showFog":false,"showMaterialUpdate":false,"showSkybox":false,"showFlares":false,"showImageEffects":false,"showParticleSystems":false},"in2DMode":false,"pivot":{"x":-2.0679686069488527,"y":0.6183319091796875,"z":7.0871992111206059},"rotation":{"x":-0.07809083163738251,"y":-0.9212843179702759,"z":0.28650152683258059,"w":-0.25111064314842226},"size":4.398076057434082,"orthographic":false}