{"cameraMode":{"drawMode":0,"name":"Shaded","section":"Shading Mode"},"sceneLighting":false,"audioPlay":false,"sceneViewState":{"showFog":false,"showMaterialUpdate":false,"showSkybox":false,"showFlares":false,"showImageEffects":false,"showParticleSystems":false},"in2DMode":false,"pivot":{"x":1.1920928955078126e-7,"y":2.268474578857422,"z":0.5350384712219238},"rotation":{"x":0.12953484058380128,"y":-0.42591392993927,"z":0.061757877469062808,"w":0.8933163285255432},"size":4.8075666427612309,"orthographic":false}