{"cameraMode":{"drawMode":0,"name":"Shaded","section":"Shading Mode"},"sceneLighting":false,"audioPlay":false,"sceneViewState":{"showFog":true,"showMaterialUpdate":false,"showSkybox":false,"showFlares":true,"showImageEffects":true,"showParticleSystems":true},"in2DMode":false,"pivot":{"x":-0.0714079886674881,"y":1.3130518198013306,"z":-0.0000017881393432617188},"rotation":{"x":0.10774614661931992,"y":-0.028329962864518167,"z":0.00307168485596776,"w":0.9937697649002075},"size":2.51165509223938,"orthographic":false}