{"cameraMode":{"drawMode":0,"name":"Shaded","section":"Shading Mode"},"sceneLighting":false,"audioPlay":false,"sceneViewState":{"showFog":true,"showMaterialUpdate":false,"showSkybox":false,"showFlares":true,"showImageEffects":true,"showParticleSystems":true},"in2DMode":false,"pivot":{"x":6.765025615692139,"y":6.027573108673096,"z":-40.862178802490237},"rotation":{"x":0.014994264580309391,"y":0.026096252724528314,"z":-0.000391293375287205,"w":0.9995481371879578},"size":1.999680995941162,"orthographic":false}