{"cameraMode":{"drawMode":0,"name":"Shaded","section":"Shading Mode"},"sceneLighting":false,"audioPlay":false,"sceneViewState":{"showFog":true,"showMaterialUpdate":false,"showSkybox":false,"showFlares":true,"showImageEffects":true,"showParticleSystems":true},"in2DMode":false,"pivot":{"x":-1.8514564037322999,"y":2.406100273132324,"z":-7.111059188842773},"rotation":{"x":0.10774614661931992,"y":-0.028329962864518167,"z":0.00307168485596776,"w":0.9937697649002075},"size":10.0,"orthographic":false}