{"cameraMode":{"drawMode":0,"name":"Shaded","section":"Shading Mode"},"sceneLighting":false,"audioPlay":false,"sceneViewState":{"showFog":true,"showMaterialUpdate":false,"showSkybox":false,"showFlares":true,"showImageEffects":true,"showParticleSystems":true},"in2DMode":false,"pivot":{"x":0.0,"y":0.9549503326416016,"z":1.1920928955078126e-7},"rotation":{"x":0.03770451247692108,"y":-0.7144985795021057,"z":0.03862044960260391,"w":0.6975528001785278},"size":1.8537828922271729,"orthographic":false}