{"cameraMode":{"drawMode":0,"name":"Shaded","section":"Shading Mode"},"sceneLighting":false,"audioPlay":false,"sceneViewState":{"showFog":true,"showMaterialUpdate":false,"showSkybox":false,"showFlares":true,"showImageEffects":true,"showParticleSystems":true},"in2DMode":false,"pivot":{"x":3.880000114440918,"y":0.07999998331069946,"z":3.109999895095825},"rotation":{"x":-0.04267718642950058,"y":0.8467984199523926,"z":-0.0687410980463028,"w":-0.5257266163825989},"size":1.299038052558899,"orthographic":false}