{"cameraMode":{"drawMode":0,"name":"Shaded","section":"Shading Mode"},"sceneLighting":false,"audioPlay":false,"sceneViewState":{"showFog":true,"showMaterialUpdate":false,"showSkybox":false,"showFlares":true,"showImageEffects":true,"showParticleSystems":true},"in2DMode":false,"pivot":{"x":11.447530746459961,"y":2.1883363723754885,"z":9.613208770751954},"rotation":{"x":-0.029209032654762269,"y":0.9189544916152954,"z":-0.06933727115392685,"w":-0.38711968064308169},"size":4.700003147125244,"orthographic":false}