{"cameraMode":{"drawMode":0,"name":"Shaded","section":"Shading Mode"},"sceneLighting":false,"audioPlay":false,"sceneViewState":{"showFog":true,"showMaterialUpdate":false,"showSkybox":false,"showFlares":true,"showImageEffects":true,"showParticleSystems":true},"in2DMode":false,"pivot":{"x":-18.70333480834961,"y":9.331429481506348,"z":-13.899443626403809},"rotation":{"x":-0.1914258897304535,"y":-0.3722325265407562,"z":0.07875508815050125,"w":-0.904766857624054},"size":0.4676062762737274,"orthographic":false}