{"cameraMode":{"drawMode":0,"name":"Shaded","section":"Shading Mode"},"sceneLighting":false,"audioPlay":false,"sceneViewState":{"showFog":true,"showMaterialUpdate":false,"showSkybox":false,"showFlares":true,"showImageEffects":true,"showParticleSystems":true},"in2DMode":false,"pivot":{"x":-6.739715099334717,"y":1.8101975917816163,"z":-1.9209119081497193},"rotation":{"x":-0.18382708728313447,"y":-0.38230693340301516,"z":0.07789556682109833,"w":-0.9022127389907837},"size":0.4676062762737274,"orthographic":false}