{"cameraMode":{"drawMode":0,"name":"Shaded","section":"Shading Mode"},"sceneLighting":false,"audioPlay":false,"sceneViewState":{"showFog":true,"showMaterialUpdate":false,"showSkybox":false,"showFlares":true,"showImageEffects":true,"showParticleSystems":true},"in2DMode":false,"pivot":{"x":3.880000114440918,"y":0.07999998331069946,"z":3.109999895095825},"rotation":{"x":-0.10063908994197846,"y":0.0005936612724326551,"z":-0.00006009517892380245,"w":-0.9949228763580322},"size":1.299038052558899,"orthographic":false}