{"cameraMode":{"drawMode":0,"name":"Shaded","section":"Shading Mode"},"sceneLighting":false,"audioPlay":false,"sceneViewState":{"showFog":true,"showMaterialUpdate":false,"showSkybox":false,"showFlares":true,"showImageEffects":true,"showParticleSystems":true},"in2DMode":false,"pivot":{"x":0.0,"y":1.1920928955078126e-7,"z":1.4901161193847657e-8},"rotation":{"x":-0.10063908994197846,"y":0.0005936612724326551,"z":-0.00006009517892380245,"w":-0.9949228763580322},"size":0.617508053779602,"orthographic":false}