{"cameraMode":{"drawMode":0,"name":"Shaded","section":"Shading Mode"},"sceneLighting":false,"audioPlay":false,"sceneViewState":{"showFog":true,"showMaterialUpdate":false,"showSkybox":false,"showFlares":true,"showImageEffects":true,"showParticleSystems":true},"in2DMode":false,"pivot":{"x":-9.920000076293946,"y":2.5048890113830568,"z":9.750844955444336},"rotation":{"x":0.3837561309337616,"y":0.012465803883969784,"z":-0.005181013606488705,"w":0.9233366250991821},"size":3.403449773788452,"orthographic":false}