{"cameraMode":{"drawMode":0,"name":"Shaded","section":"Shading Mode"},"sceneLighting":false,"audioPlay":false,"sceneViewState":{"showFog":true,"showMaterialUpdate":false,"showSkybox":false,"showFlares":true,"showImageEffects":true,"showParticleSystems":true},"in2DMode":false,"pivot":{"x":-4.699999809265137,"y":22.899999618530275,"z":0.19999998807907105},"rotation":{"x":0.17434656620025636,"y":0.6057993769645691,"z":-0.13826841115951539,"w":0.7638676166534424},"size":0.866025447845459,"orthographic":true}