{"cameraMode":{"drawMode":0,"name":"Shaded","section":"Shading Mode"},"sceneLighting":true,"audioPlay":false,"sceneViewState":{"showFog":true,"showMaterialUpdate":false,"showSkybox":true,"showFlares":true,"showImageEffects":true,"showParticleSystems":true},"in2DMode":false,"pivot":{"x":9.350000381469727,"y":1.1149187088012696,"z":9.61084270477295},"rotation":{"x":0.4861913025379181,"y":-0.29301515221595766,"z":0.17719842493534089,"w":0.8039667010307312},"size":1.8130168914794922,"orthographic":false}