{"cameraMode":{"drawMode":0,"name":"Shaded","section":"Shading Mode"},"sceneLighting":true,"audioPlay":false,"sceneViewState":{"showFog":true,"showMaterialUpdate":false,"showSkybox":true,"showFlares":true,"showImageEffects":true,"showParticleSystems":true},"in2DMode":false,"pivot":{"x":19.975486755371095,"y":2.2711329460144045,"z":0.0000026226043701171877},"rotation":{"x":0.17434656620025636,"y":0.6057993769645691,"z":-0.13826841115951539,"w":0.7638676166534424},"size":10.0,"orthographic":true}