{"cameraMode":{"drawMode":0,"name":"Shaded","section":"Shading Mode"},"sceneLighting":true,"audioPlay":false,"sceneViewState":{"showFog":false,"showMaterialUpdate":false,"showSkybox":false,"showFlares":false,"showImageEffects":false,"showParticleSystems":false},"in2DMode":false,"pivot":{"x":-0.075813889503479,"y":16.362503051757814,"z":-10.97165298461914},"rotation":{"x":0.5706983208656311,"y":-0.01674737222492695,"z":0.011642875149846077,"w":0.8209071159362793},"size":7.517334938049316,"orthographic":false}