{"cameraMode":{"drawMode":0,"name":"Shaded","section":"Shading Mode"},"sceneLighting":true,"audioPlay":false,"sceneViewState":{"showFog":false,"showMaterialUpdate":false,"showSkybox":false,"showFlares":false,"showImageEffects":false,"showParticleSystems":false},"in2DMode":false,"pivot":{"x":24.413530349731447,"y":13.47331428527832,"z":3.7623414993286135},"rotation":{"x":0.21948182582855225,"y":-0.5327215194702148,"z":0.14537091553211213,"w":0.804303765296936},"size":3.61733341217041,"orthographic":false}