{"cameraMode":{"drawMode":0,"name":"Shaded","section":"Shading Mode"},"sceneLighting":true,"audioPlay":false,"sceneViewState":{"showFog":true,"showMaterialUpdate":false,"showSkybox":true,"showFlares":true,"showImageEffects":true,"showParticleSystems":true},"in2DMode":false,"pivot":{"x":1.2260063886642457,"y":1.1775022745132447,"z":-0.15012226998806},"rotation":{"x":-0.0394173227250576,"y":0.9172409772872925,"z":-0.09388439357280731,"w":-0.3851030468940735},"size":3.6454999446868898,"orthographic":true}